ORDERNUMBER	QUANTITYORDERED	
10107	30	
10121	34	
10134	41	
10145	45	
10159	49	
10168	36	
10180	29	
10188	48	
10201	22	
10211	41	
10223	37	
10237	23	
10251	28	
10263	34	
10275	45	
10285	36	
10299	23	
10309	41	
10318	46	
10329	42	
10341	41	
10361	20	
10375	21	
10388	42	
10403	24	
10417	66	
10103	26	
10112	29	
10126	38	Large
10140	37	
10150	45	Large
10163	21	
10174	34	
10183	23	
10194	42	Large
10206	47	
10215	35	
10228	29	
10245	34	
10258	32	
10270	21	
10280	34	
10291	37	
10304	47	
10312	48	
10322	40	
10333	26	
10347	30	
10357	32	
10369	41	
10381	36	
10391	24	
10411	23	
10424	50	
10107	39	
10120	29	
10134	27	
10145	37	
10159	37	
10168	27	
10180	42	
10188	38	
10201	24	
10210	23	Medium
10223	47	
10236	22	
10251	44	
10263	40	
10275	22	
10285	47	
10298	39	
10308	34	
10318	45	
10329	20	
10339	40	
10361	26	
10374	39	
10388	50	
10402	45	
10417	45	
10107	27	
10120	46	
10134	31	
10145	33	
10159	22	
10168	20	
10180	41	
10188	45	
10201	49	
10210	34	Medium
10223	49	
10237	39	
10251	43	
10263	41	
10275	36	
10285	27	
10299	29	
10308	20	
10318	37	
10329	26	
10339	39	
10362	22	
10374	22	
10388	21	
10403	66	
10417	56	
10105	50	
10119	46	
10129	33	
10143	49	
10155	32	
10167	44	
10178	24	
10186	26	
10197	45	
10209	39	
10222	49	
10248	20	
10261	27	
10273	30	
10283	25	
10295	24	
10307	22	
10316	33	
10325	47	
10337	25	
10350	26	
10359	48	
10373	39	
10384	34	
10395	32	
10400	64	
10414	19	
10103	42	
10114	31	Medium
10126	22	Medium
10140	26	
10150	20	Medium
10164	21	
10175	33	
10183	28	
10194	26	Medium
10207	31	
10217	48	
10229	50	
10245	28	
10259	26	
10270	32	
10281	44	
10291	30	
10305	38	
10313	40	
10322	46	
10334	26	
10347	27	
10357	43	
10370	35	
10381	37	
10391	37	
10411	27	
10425	38	
10108	33	
10122	42	
10135	42	
10147	48	
10159	41	
10169	30	
10181	27	
10191	21	
10203	20	
10211	41	
10225	27	
10238	28	
10253	24	
10266	44	
10276	50	
10287	21	
10300	33	
10310	33	
10320	31	
10329	41	
10341	45	
10363	33	
10375	45	
10389	26	
10419	12	
10105	41	
10117	33	Medium
10127	46	
10142	33	
10153	20	
10165	44	Large
10176	33	
10185	21	
10196	47	
10208	46	Large
10220	32	
10231	42	
10247	44	
10272	35	
10282	41	
10293	46	
10306	31	
10314	38	
10325	42	
10336	33	Small
10348	48	Small
10359	42	
10371	32	
10382	34	
10395	33	
10413	36	
10103	27	
10113	21	
10126	21	Small
10140	38	
10150	30	Medium
10164	49	
10174	43	
10183	41	
10194	38	Medium
10206	28	
10216	43	
10229	25	
10245	38	
10258	41	
10270	28	
10281	25	
10291	41	
10304	39	
10313	21	
10322	27	
10333	33	
10347	29	
10357	49	
10370	49	
10381	20	
10391	39	
10411	40	
10424	49	
10107	21	
10121	50	
10134	20	
10145	49	
10159	38	
10169	35	
10180	40	
10189	28	
10201	25	
10211	36	
10224	43	
10237	32	
10251	46	
10263	48	
10276	43	
10285	49	
10299	24	
10309	26	
10319	30	
10329	24	
10341	55	
10362	22	
10375	49	
10388	44	
10403	66	
10417	21	
10104	34	
10117	43	Medium
10127	46	
10142	33	
10153	42	
10165	34	Medium
10176	47	
10185	33	
10196	24	
10208	26	Medium
10220	30	
10230	43	
10247	25	
10272	27	
10282	27	
10293	24	
10306	34	
10314	46	
10324	27	
10336	33	Medium
10348	47	Medium
10358	49	
10372	40	
10382	37	
10413	47	
10108	45	
10122	37	
10135	48	
10147	31	
10160	46	
10170	47	
10181	28	
10191	40	
10203	20	
10212	39	
10225	25	
10238	29	
10253	22	
10266	22	
10276	47	
10287	45	
10300	29	
10310	24	
10320	35	
10329	46	
10341	44	
10363	34	
10376	35	
10389	25	
10419	10	
10105	29	
10117	39	Medium
10127	42	
10142	46	
10153	49	
10165	27	Medium
10176	50	
10185	43	
10196	38	
10208	20	Medium
10220	27	
10231	49	
10247	27	
10272	39	
10282	24	
10293	45	
10306	20	
10314	36	
10325	24	
10336	49	Medium
10349	26	
10359	49	
10372	34	
10382	34	
10396	33	
10413	22	
10108	39	
10122	32	
10135	24	
10147	21	
10159	24	
10169	36	
10181	20	
10191	30	
10203	44	
10211	28	
10225	37	
10238	20	
10253	25	
10266	35	
10276	38	
10287	41	
10300	22	
10310	49	
10320	38	
10329	33	
10341	36	
10363	34	
10377	24	
10389	36	
10419	34	
10104	41	
10115	46	
10127	24	
10141	21	
10151	24	
10165	48	Medium
10175	26	
10184	37	Medium
10195	49	
10207	34	
10219	48	
10229	36	
10246	46	
10259	46	
10271	31	
10281	41	
10292	21	
10305	38	
10314	45	
10324	26	
10336	38	Medium
10349	48	
10358	42	
10371	49	
10382	32	
10412	54	
10425	33	
10108	36	
10122	20	
10135	29	
10147	33	
10160	50	
10170	41	
10181	36	
10192	27	
10203	47	
10212	33	
10225	21	
10239	21	
10253	41	
10266	40	
10277	28	Medium
10287	23	
10300	23	
10310	25	
10321	24	
10329	39	
10341	55	
10363	46	
10377	50	
10389	47	
10405	97	
10419	32	
10103	35	
10113	49	
10126	38	Medium
10140	32	
10150	34	Medium
10164	36	
10174	48	
10183	21	
10194	21	Small
10206	34	
10215	46	
10228	32	
10245	29	
10258	41	
10270	43	
10280	24	
10291	41	
10304	46	
10312	32	
10322	22	
10333	29	
10347	42	
10357	39	
10370	27	
10381	48	
10391	29	
10411	27	
10424	54	
10109	26	
10122	34	
10136	25	
10148	23	
10161	28	
10171	35	
10181	44	
10192	22	
10204	42	
10212	29	
10225	32	
10240	41	Medium
10253	26	
10266	21	
10278	34	
10287	41	
10301	37	Medium
10310	37	
10321	41	
10331	46	
10342	40	
10356	43	
10365	30	
10377	35	
10390	36	
10406	61	
10419	38	
10102	39	
10111	33	
10125	32	
10139	31	
10149	50	
10162	48	
10173	43	
10182	25	
10193	28	
10205	36	
10215	27	
10227	25	Small
10244	40	
10256	34	
10280	50	
10289	38	
10304	37	
10312	43	
10322	43	
10332	46	
10346	42	
10356	50	
10369	44	
10380	27	
10391	35	
10422	51	
10102	41	
10111	48	
10126	42	Small
10139	49	
10149	30	
10162	45	
10173	48	
10182	32	
10193	46	
10205	48	
10215	33	
10227	31	Small
10244	20	
10256	29	
10280	27	
10289	24	
10304	37	
10312	25	
10322	41	
10332	27	
10347	21	
10356	22	
10369	32	
10381	25	
10391	42	
10422	25	
10110	37	
10123	26	
10137	44	
10148	47	
10161	43	
10172	42	
10181	42	
10192	29	
10204	40	
10212	38	
10226	38	
10241	21	
10253	24	
10266	36	
10278	23	
10288	20	
10301	32	Medium
10311	29	
10321	44	
10331	44	
10343	36	
10367	49	
10378	34	
10407	59	
10419	37	
10106	36	
10119	43	
10131	21	
10143	32	
10155	38	
10167	43	
10178	42	
10186	32	
10198	42	
10210	31	Medium
10222	49	
10250	45	
10262	49	
10274	41	
10284	45	Medium
10296	36	
10307	39	
10316	27	
10327	25	
10338	41	
10351	39	
10373	28	
10386	25	
10398	33	
10400	34	
10416	24	
10100	30	
10110	42	
10124	21	
10149	34	
10162	29	
10173	24	
10182	44	
10193	21	
10204	33	
10214	30	Medium
10227	26	Medium
10241	41	
10280	26	
10288	32	
10302	43	
10312	48	
10331	44	
10344	45	
10367	37	
10379	39	
10407	76	
10420	37	
10108	38	
10122	43	
10135	48	
10147	26	
10160	38	
10170	20	
10181	22	
10192	45	
10203	45	
10212	20	
10225	47	
10239	46	
10253	23	
10266	33	
10278	29	
10287	44	
10300	41	
10310	20	
10321	37	
10329	29	
10342	55	
10363	22	
10377	31	
10389	49	
10405	61	
10419	39	
10109	38	
10122	31	
10136	36	
10148	25	
10161	48	
10171	35	
10181	21	
10192	47	
10204	38	
10212	41	
10226	24	
10240	37	Medium
10253	33	
10266	49	
10278	29	
10287	24	
10301	47	Large
10310	24	
10321	25	
10331	30	
10342	22	
10356	27	
10366	34	
10377	36	
10390	34	
10406	48	
10419	34	
10104	24	
10115	46	
10127	45	
10141	39	
10151	43	
10165	29	Medium
10176	20	
10184	46	Large
10195	27	
10207	44	
10219	43	
10230	49	
10246	40	
10259	30	
10271	50	
10282	23	
10292	26	
10305	27	
10314	42	
10324	47	
10336	49	Large
10349	38	
10358	20	
10371	25	
10382	25	
10412	41	
10425	28	
10100	50	
10110	32	
10124	42	
10149	24	
10162	27	
10173	26	
10182	38	
10193	42	
10204	23	
10214	21	Small
10227	28	Small
10241	33	
10280	25	
10288	28	
10303	46	Small
10312	30	
10332	38	
10344	40	
10367	45	
10379	27	
10407	42	
10420	36	
10104	29	
10114	39	Medium
10127	45	
10141	47	
10151	49	
10165	46	Medium
10175	48	
10184	46	Medium
10195	35	
10207	43	
10229	26	
10246	22	
10259	34	
10271	50	
10281	48	
10292	41	
10305	36	
10313	29	
10324	33	
10334	46	
10349	38	
10358	20	
10370	22	
10383	27	
10412	56	
10425	38	
10101	25	
10110	33	
10124	42	
10149	33	
10162	38	
10173	31	
10182	20	
10193	44	
10204	26	
10214	27	Medium
10227	46	Large
10243	47	
10280	37	
10288	31	
10304	24	
10312	31	
10322	50	
10332	35	
10344	30	
10356	29	
10367	27	
10380	40	
10390	31	
10409	6	
10420	45	
10103	22	
10114	45	Medium
10126	43	Small
10140	46	
10151	39	
10165	31	Small
10175	41	
10184	44	Small
10194	45	Medium
10207	37	
10217	35	
10229	28	
10246	30	
10259	30	
10271	25	
10281	29	
10291	26	
10305	41	
10313	34	
10322	35	
10334	34	
10347	50	
10357	41	
10370	22	
10381	35	
10391	44	
10412	47	
10425	19	
10106	34	
10120	29	
10133	49	
10145	30	
10168	21	
10210	50	Medium
10223	47	
10235	24	
10250	27	
10263	33	
10275	35	
10284	31	Small
10297	25	
10308	27	
10318	31	
10327	45	
10339	27	
10353	27	
10374	42	
10386	21	
10398	34	
10401	42	
10416	15	
10107	29	
10120	46	
10134	30	
10145	30	
10159	42	
10168	46	
10180	25	
10188	32	
10201	30	
10210	40	Small
10223	28	
10236	23	
10251	29	
10263	34	
10275	37	
10285	20	
10298	32	
10308	34	
10318	42	
10329	38	
10339	30	
10362	23	
10374	22	
10389	39	
10402	55	
10417	36	
10101	26	
10110	31	
10125	34	
10139	41	
10149	23	
10162	48	
10173	22	
10182	21	
10193	22	
10205	40	
10214	50	Large
10227	29	Medium
10244	43	
10255	24	
10280	22	
10289	43	
10304	20	
10312	25	
10322	36	
10332	24	
10347	21	
10356	30	
10367	32	
10380	21	
10390	26	
10421	35	
10109	26	
10123	46	
10137	37	
10148	27	
10161	23	
10172	39	
10181	27	
10192	38	
10204	27	
10212	40	
10226	24	
10241	44	
10253	37	
10266	20	
10278	39	
10287	44	
10301	22	Medium
10311	43	
10321	27	
10331	26	
10343	25	
10366	49	
10379	29	
10407	41	
10419	55	
10103	27	
10112	23	
10126	31	Small
10139	46	
10150	47	Medium
10163	31	
10174	46	
10183	37	
10193	28	
10206	37	
10215	49	
10228	24	
10244	30	
10257	50	
10270	31	
10280	46	
10291	47	
10304	46	
10312	37	
10322	33	
10333	31	
10347	48	
10357	41	
10369	42	
10381	41	
10391	32	
10423	10	
10103	35	
10111	28	
10126	46	Medium
10139	20	
10150	30	Small
10163	48	
10173	28	
10183	39	
10193	24	
10206	28	
10215	31	
10228	45	
10244	24	
10257	49	
10269	32	
10280	43	
10291	37	
10304	24	
10312	35	
10322	41	
10332	26	
10347	34	
10357	49	
10369	28	
10381	40	
10392	37	
10423	31	
10106	41	
10119	21	
10130	40	
10143	46	
10155	44	
10167	46	
10178	41	
10186	32	
10197	46	
10209	28	
10222	49	
10248	21	
10262	32	
10273	34	
10283	21	
10296	21	
10307	31	
10316	21	
10327	25	
10338	28	
10350	43	
10373	22	
10386	37	
10398	28	
10400	30	
10414	44	
10103	25	
10111	43	
10126	30	Small
10139	20	
10150	26	Small
10163	40	
10173	31	
10183	22	
10193	23	
10206	30	
10215	49	
10228	31	
10244	29	
10257	37	
10270	38	
10280	29	
10291	23	
10304	26	
10312	38	
10322	48	
10332	40	
10347	45	
10357	44	
10369	21	
10381	35	
10392	29	
10423	21	
10105	22	
10117	26	Medium
10128	41	
10142	47	
10153	31	
10166	43	
10177	23	
10185	28	
10196	49	
10208	24	Small
10221	33	
10232	22	
10248	32	
10273	40	
10282	43	
10293	24	
10306	32	
10314	20	
10325	24	
10336	48	Medium
10350	44	
10372	28	
10383	24	
10396	33	
10414	41	
10104	23	
10109	46	
10114	48	Large
10122	25	
10127	22	
10136	41	
10141	34	
10148	32	
10151	21	
10160	20	
10165	47	Large
10171	39	
10175	29	
10181	45	
10184	28	Medium
10192	26	
10195	50	
10203	48	
10207	25	
10212	40	
10225	43	
10229	22	
10239	47	
10246	36	
10253	40	
10259	27	
10266	29	
10271	20	
10278	42	
10281	25	
10287	36	
10292	21	
10301	23	Medium
10305	37	
10310	48	
10313	25	
10321	33	
10324	27	
10331	27	
10334	20	
10342	30	
10349	48	
10358	32	
10366	34	
10370	27	
10377	39	
10383	47	
10394	22	
10405	55	
10412	60	
10419	35	
10425	28	
10105	38	
10117	21	Small
10128	41	
10142	22	
10153	29	
10165	50	Medium
10177	29	
10185	49	
10196	35	
10208	48	Medium
10221	23	
10232	48	
10248	42	
10273	47	
10282	36	
10293	22	
10306	40	
10314	23	
10326	32	
10336	21	Small
10350	41	
10372	25	
10383	26	
10396	24	
10414	48	
10108	26	
10122	21	
10135	45	
10147	36	
10159	21	
10169	32	
10181	30	
10191	36	
10203	33	
10211	35	
10225	37	
10238	41	
10252	20	
10265	45	
10276	38	
10287	43	
10300	49	
10310	27	
10319	46	
10329	38	
10342	25	
10363	46	
10378	22	
10390	40	
10103	46	
10111	39	
10126	38	Medium
10139	30	
10149	42	
10163	43	
10173	29	
10182	33	
10193	32	
10206	28	
10215	41	
10227	33	Medium
10244	36	
10257	26	
10280	34	
10290	26	
10304	38	
10312	33	
10323	33	
10333	46	
10347	26	
10357	25	
10369	45	
10382	50	
10392	36	
10423	21	
10108	29	
10122	21	
10135	42	
10147	37	
10159	25	
10169	36	
10181	22	
10191	23	
10203	32	
10211	28	
10225	27	
10238	49	
10252	41	
10265	49	
10276	30	
10287	40	
10300	23	
10310	49	
10320	25	
10330	37	
10342	55	
10355	23	
10363	24	
10378	43	
10390	50	
10109	47	
10123	34	
10137	31	
10148	28	
10161	36	
10172	48	
10181	39	
10192	45	
10204	35	
10212	45	
10226	46	
10240	37	Medium
10253	31	
10266	33	
10278	31	
10287	27	
10301	39	Medium
10311	32	
10321	28	
10331	26	
10343	44	
10367	46	
10379	32	
10406	65	
10419	43	
10108	43	
10122	35	
10135	45	
10146	47	
10159	21	
10169	38	
10180	21	
10191	43	
10211	46	
10224	38	
10237	26	
10252	31	
10264	48	
10276	33	
10286	38	Small
10299	39	
10310	42	
10319	44	
10330	29	
10342	26	
10355	31	
10363	32	
10378	28	
10390	36	
10403	36	
10106	41	
10119	27	
10130	33	
10143	34	
10155	29	
10167	34	
10178	48	
10186	46	
10197	22	
10209	20	
10222	45	
10249	46	
10262	34	
10273	50	
10283	46	
10296	22	
10307	48	
10316	47	
10328	34	
10338	45	
10351	20	
10373	50	
10386	22	
10398	45	
10400	58	
10415	51	
10104	38	
10117	22	Small
10127	25	
10142	24	
10152	35	
10165	28	Medium
10176	36	
10185	39	
10196	27	
10207	40	
10220	50	
10230	42	
10247	48	
10272	25	
10282	31	
10292	44	
10306	23	
10314	29	
10324	49	
10337	36	
10349	34	
10358	25	
10372	48	
10383	38	
10394	37	
10413	49	
10100	22	
10110	28	
10124	36	
10148	34	
10162	39	
10173	21	
10182	36	
10193	24	
10204	29	
10213	38	
10227	34	Medium
10241	42	
10280	35	
10288	35	
10302	38	
10311	41	
10332	50	
10344	21	
10367	43	
10380	32	
10407	6	
10420	66	
10105	41	
10117	23	Small
10128	43	
10142	24	
10153	22	
10166	26	
10177	35	
10185	47	
10197	50	
10208	45	Medium
10221	39	
10232	23	
10248	42	
10261	20	
10273	33	
10283	34	
10293	49	
10306	39	
10315	36	
10326	50	
10337	29	
10350	30	
10372	41	
10383	28	
10396	45	
10414	16	
10103	36	
10114	41	Medium
10126	50	Large
10140	40	
10150	49	Medium
10164	45	
10175	47	
10183	21	
10194	32	Medium
10207	47	
10217	38	
10229	41	
10245	21	
10259	41	
10270	38	
10281	25	
10291	48	
10305	22	
10313	28	
10323	47	
10334	49	
10347	45	
10357	28	
10370	29	
10382	39	
10411	46	
10425	38	
10103	41	
10113	50	
10126	43	Small
10140	29	
10150	30	Small
10164	25	
10174	49	
10183	40	
10194	41	Small
10206	21	
10215	46	
10229	39	
10245	45	
10258	21	
10270	44	
10281	44	
10291	29	
10304	34	
10312	39	
10324	38	
10333	24	
10348	29	Large
10358	30	
10370	20	
10382	39	
10411	35	
10424	26	
10108	44	
10122	28	
10135	31	
10146	29	
10159	32	
10169	33	
10180	44	
10191	32	
10211	41	
10225	35	
10238	44	
10252	26	
10264	20	
10276	48	
10287	34	
10299	49	
10310	40	
10319	45	
10330	50	
10342	38	
10355	25	
10363	28	
10378	49	
10390	49	
10110	42	
10124	23	
10148	29	
10161	25	
10173	39	
10182	44	
10193	25	
10204	45	
10213	25	
10227	37	Small
10241	30	
10267	36	
10279	26	
10288	23	
10302	23	
10311	25	
10332	21	
10344	26	
10367	44	
10380	24	
10407	66	
10420	36	
10110	36	
10124	22	
10148	25	
10161	37	
10172	32	
10182	47	
10192	37	
10204	20	
10212	41	
10226	21	
10241	22	
10267	40	
10279	32	
10288	36	
10301	27	Small
10311	26	
10321	30	
10332	23	
10344	29	
10367	21	
10380	34	
10407	26	
10420	60	
10104	35	
10115	47	
10127	20	
10141	20	
10152	25	
10165	25	Small
10176	27	
10184	31	Small
10195	44	
10207	49	
10220	26	
10230	36	
10246	44	
10259	28	
10271	45	
10282	29	
10292	40	
10305	45	
10314	44	
10324	25	
10336	45	Medium
10349	48	
10358	44	
10371	25	
10383	22	
10394	31	
10412	21	
10425	55	
10107	25	
10120	35	
10134	35	
10145	43	
10159	44	
10168	50	
10180	48	
10188	25	
10201	39	
10211	25	
10223	32	
10237	20	
10251	26	
10263	42	
10275	21	
10285	34	
10299	47	
10309	21	
10318	48	
10329	30	
10339	27	
10362	50	
10374	38	
10389	45	
10403	46	
10417	35	
10110	29	
10123	50	
10137	26	
10148	47	
10161	23	
10172	34	
10181	34	
10192	47	
10204	45	
10212	45	
10226	36	
10241	21	
10266	28	
10278	35	
10288	50	
10301	22	Small
10311	45	
10321	48	
10332	20	
10343	27	
10367	38	
10379	32	
10407	64	
10420	37	
10106	28	
10120	39	
10133	41	
10145	40	
10168	49	
10210	27	Small
10223	34	
10235	23	
10250	31	
10262	34	
10275	25	
10284	22	Small
10297	32	
10308	31	
10316	25	
10328	47	
10339	21	
10353	28	
10374	46	
10386	33	
10398	43	
10401	38	
10416	47	
10101	45	
10110	20	
10124	45	
10149	36	
10162	37	
10173	31	
10182	39	
10193	26	
10205	32	
10214	20	Small
10227	42	Small
10243	33	
10280	20	
10288	29	
10304	23	
10312	39	
10322	20	
10332	45	
10344	20	
10356	48	
10367	23	
10380	32	
10391	33	
10409	61	
10420	45	
10107	38	
10120	34	
10134	43	
10145	47	
10158	22	
10168	29	
10180	28	
10188	40	
10201	25	
10210	30	Small
10223	38	
10236	36	
10250	32	
10263	37	
10275	30	
10285	39	
10297	32	
10308	47	
10318	26	
10329	37	
10340	55	
10363	21	
10375	23	
10389	49	
10402	59	
10416	32	
10105	43	
10117	41	Medium
10129	45	
10142	33	
10153	40	
10167	33	
10177	50	
10185	30	
10197	41	
10208	35	Medium
10221	49	
10232	46	
10248	48	
10261	36	
10273	22	
10283	42	
10293	21	
10306	29	
10315	35	
10326	41	
10337	29	
10350	34	
10372	37	
10384	28	
10396	49	
10414	23	
10101	46	
10110	39	
10124	22	
10149	49	
10162	43	
10173	27	
10182	31	
10193	20	
10205	24	
10214	49	Small
10227	24	Small
10244	39	
10255	37	
10280	45	
10289	45	
10304	44	
10312	23	
10322	30	
10332	26	
10345	43	
10356	26	
10367	28	
10380	27	
10391	24	
10421	40	
10103	36	
10114	21	Small
10126	27	Medium
10140	47	
10151	42	
10165	32	Medium
10175	28	
10184	24	Medium
10194	49	Medium
10207	46	
10217	28	
10229	48	
10246	29	
10259	47	
10271	43	
10281	25	
10291	48	
10305	24	
10313	42	
10324	31	
10334	42	
10348	37	Medium
10358	41	
10371	20	
10382	20	
10412	70	
10425	49	
10108	35	
10121	32	
10135	29	
10145	27	
10159	27	
10169	38	
10180	35	
10190	42	
10211	21	
10224	37	
10237	26	
10252	47	
10264	37	
10276	46	
10285	38	
10299	33	
10309	24	
10319	31	
10330	42	
10341	32	
10355	41	
10363	43	
10375	20	
10390	35	
10403	27	
10110	43	
10124	32	
10148	21	
10161	20	
10172	22	
10182	36	
10192	46	
10204	47	
10212	45	
10227	47	Medium
10241	47	
10267	38	
10279	49	
10288	35	
10302	49	
10311	28	
10321	30	
10332	39	
10346	25	
10368	40	
10380	36	
10407	76	
10420	39	
10104	44	
10114	24	Small
10127	39	
10141	21	
10151	30	
10165	27	Small
10175	37	
10184	42	Small
10195	32	
10207	42	
10219	21	
10229	33	
10246	49	
10259	31	
10271	38	
10281	20	
10292	39	
10305	48	
10314	39	
10324	30	
10335	33	
10349	36	
10358	36	
10371	45	
10383	40	
10394	46	
10412	30	
10425	31	
10106	49	
10119	41	
10131	35	
10143	27	
10155	23	
10167	21	
10178	34	
10186	22	
10198	48	
10209	43	
10222	32	
10249	20	
10262	24	
10274	40	
10284	30	Small
10296	21	
10307	25	
10316	34	
10328	48	
10339	55	
10351	25	
10373	38	
10386	39	
10398	28	
10400	24	
10415	21	
10110	46	
10124	25	
10148	34	
10161	25	
10173	23	
10182	20	
10192	23	
10204	42	
10213	27	
10227	33	Medium
10241	28	
10267	43	
10279	48	
10288	48	
10302	45	
10311	43	
10332	44	
10346	24	
10368	31	
10380	44	
10407	59	
10420	55	
10109	29	
10122	39	
10135	20	
10147	25	
10160	42	
10171	36	
10181	37	
10192	30	
10203	21	
10212	34	
10225	42	
10239	20	
10253	40	
10266	34	
10278	31	
10287	36	
10301	48	Small
10310	33	
10321	37	
10331	27	
10342	39	
10355	36	
10367	36	
10378	41	
10390	37	
10405	47	
10419	15	
10105	44	
10119	35	
10129	41	
10142	49	
10154	31	
10167	20	
10177	45	
10185	33	
10197	47	
10208	20	Small
10222	47	
10233	40	
10248	30	
10261	22	
10273	27	
10283	34	
10295	46	
10306	31	
10315	24	
10326	41	
10339	55	
10350	30	
10373	33	
10384	43	
10396	27	
10414	60	
10110	27	
10124	49	
10148	31	
10161	20	
10172	24	
10182	33	
10192	32	
10204	40	
10212	27	
10227	40	Medium
10241	26	
10267	44	
10279	33	
10288	34	
10302	48	
10311	25	
10321	39	
10332	45	
10346	24	
10368	46	
10380	44	
10407	13	
10420	35	
10108	30	
10122	34	
10135	27	
10147	30	
10159	50	
10169	34	
10181	23	
10191	48	
10203	34	
10211	48	
10225	24	
10238	47	
10253	24	
10266	47	
10276	20	
10287	20	
10300	31	
10310	38	
10320	26	
10331	25	
10342	48	
10355	44	
10363	21	
10378	46	
10390	46	
10419	55	
10106	31	
10119	20	
10131	29	
10143	33	
10155	34	
10167	32	
10178	27	
10186	21	
10198	27	
10209	36	
10222	43	
10249	25	
10262	46	
10274	24	
10284	39	Small
10296	31	
10307	22	
10316	47	
10328	20	
10339	29	
10351	38	
10361	34	
10373	46	
10386	35	
10398	34	
10400	38	
10415	18	
10110	37	
10124	43	
10148	27	
10161	30	
10172	22	
10182	49	
10192	46	
10204	48	
10212	46	
10226	48	
10241	27	
10267	43	
10279	48	
10288	41	
10301	22	Small
10311	46	
10321	21	
10332	31	
10346	26	
10368	20	
10380	34	
10407	43	
10420	26	
10105	50	
10119	35	
10129	50	
10143	23	
10155	37	
10167	29	
10178	21	
10186	36	
10197	22	
10209	22	
10222	46	
10248	23	
10262	49	
10273	48	
10283	33	
10296	22	
10307	22	
10316	25	
10326	20	
10339	42	
10350	25	
10373	23	
10385	37	
10396	37	
10400	42	
10414	51	
10108	40	
10122	43	
10135	47	
10147	23	
10160	35	
10170	34	
10181	25	
10192	45	
10203	47	
10212	49	
10225	40	
10239	29	
10253	39	
10266	24	
10278	25	
10287	36	
10301	50	Large
10310	45	
10321	26	
10331	21	
10342	42	
10355	32	
10363	31	
10378	33	
10390	45	
10405	76	
10419	70	
10106	50	
10119	28	
10131	50	
10143	28	
10155	44	
10168	27	
10178	30	
10198	43	
10210	29	Small
10222	48	
10235	33	
10250	40	
10262	48	
10275	41	
10284	21	Small
10296	32	
10308	43	
10316	30	
10328	35	
10339	45	
10351	34	
10361	26	
10373	39	
10386	41	
10398	41	
10401	64	
10416	18	
10100	49	
10110	48	
10124	46	
10149	26	
10162	37	
10173	35	
10182	23	
10193	22	
10204	39	
10214	44	Small
10227	27	Small
10242	46	
10280	33	
10288	33	
10303	24	Small
10312	31	
10332	41	
10346	22	
10368	46	
10380	43	
10408	15	
10420	15	
10104	26	
10115	44	
10127	20	
10141	40	
10152	23	
10165	24	Small
10176	29	
10184	49	Medium
10195	34	
10207	28	
10220	37	
10230	45	
10246	46	
10271	22	
10282	39	
10292	27	
10305	36	
10314	38	
10325	44	
10336	31	Medium
10349	23	
10359	22	
10371	28	
10383	21	
10394	37	
10412	31	
10103	25	
10111	26	
10126	34	Medium
10139	29	
10149	20	
10163	42	
10173	22	
10183	47	
10193	20	
10206	33	
10215	39	
10228	33	
10244	40	
10257	46	
10269	48	
10280	21	
10290	45	
10304	33	
10312	44	
10324	33	
10333	39	
10348	39	Small
10358	41	
10369	40	
10382	33	
10423	28	
10106	26	
10120	29	
10133	46	
10145	33	
10168	48	
10210	40	Small
10223	23	
10235	40	
10250	37	
10263	24	
10275	27	
10284	21	Small
10297	23	
10308	44	
10317	35	
10328	43	
10340	40	
10353	35	
10361	25	
10375	43	
10386	50	
10398	45	
10401	52	
10416	48	
10108	31	
10122	29	
10135	23	
10147	31	
10159	23	
10169	24	
10180	28	
10191	44	
10211	22	
10225	46	
10238	22	
10252	38	
10264	47	
10276	48	
10287	40	
10299	32	
10310	49	
10319	43	
10331	41	
10343	30	
10355	28	
10363	43	
10378	41	
10390	30	
10103	31	
10114	32	Medium
10126	43	Medium
10140	26	
10151	27	
10164	24	
10175	22	
10184	46	Medium
10194	37	Medium
10207	49	
10217	21	
10229	25	
10245	37	
10259	45	
10270	32	
10281	29	
10291	26	
10305	28	
10313	27	
10324	20	
10335	44	
10348	42	Medium
10358	41	
10371	26	
10382	26	
10411	26	
10425	41	
10107	20	
10120	22	
10133	23	
10145	33	
10168	28	
10188	44	
10210	46	Medium
10223	21	
10235	41	
10250	31	
10263	31	
10275	23	
10285	37	
10297	26	
10308	24	
10318	47	
10329	45	
10340	55	
10353	46	
10363	50	
10375	37	
10387	44	Medium
10401	49	
10416	45	
10108	27	
10122	31	
10135	33	
10145	31	
10159	35	
10169	26	
10180	34	
10190	46	
10211	41	
10224	43	
10237	26	
10252	36	
10264	20	
10276	27	
10285	37	
10299	24	
10310	36	
10319	29	
10331	28	
10343	29	
10355	38	
10364	48	
10378	40	
10390	41	
10403	30	
10104	35	
10114	28	Small
10127	45	
10141	24	
10151	41	
10165	48	Small
10175	50	
10184	33	Small
10195	32	
10207	27	
10219	35	
10229	23	
10246	35	
10259	40	
10271	35	
10281	31	
10292	50	
10305	40	
10313	38	
10325	38	
10335	40	
10349	33	
10359	36	
10371	20	
10383	32	
10394	36	
10412	19	
10425	11	
10104	49	
10116	27	
10127	29	
10142	42	
10152	33	
10165	44	Small
10176	22	
10184	48	Small
10195	33	
10207	45	
10220	20	
10230	46	
10247	40	
10272	45	
10282	36	
10292	31	
10306	46	
10314	35	
10325	28	
10336	31	Small
10350	27	
10359	22	
10371	30	
10383	44	
10394	30	
10413	24	
10103	45	
10113	23	
10126	26	Small
10140	28	
10150	49	Small
10164	49	
10175	29	
10183	49	
10194	39	Small
10206	36	
10217	39	
10229	30	
10245	44	
10258	20	
10270	21	
10281	36	
10291	32	
10304	36	
10313	34	
10324	48	
10333	33	
10348	31	Medium
10358	36	
10370	25	
10382	48	
10411	27	
10424	44	
10106	33	
10120	29	
10133	49	
10144	20	
10168	31	
10210	39	Small
10223	20	
10235	34	
10250	50	
10262	40	
10275	28	
10284	50	Medium
10297	28	
10308	46	
10316	24	
10328	24	
10340	39	
10353	40	
10361	49	
10375	44	
10388	35	
10398	22	
10401	62	
10416	26	
10108	31	
10121	25	
10135	30	
10145	27	
10159	23	
10169	34	
10180	22	
10190	42	
10211	37	
10224	30	
10237	27	
10252	25	
10264	34	
10276	38	
10285	26	
10299	38	
10309	50	
10319	22	
10331	32	
10341	31	
10355	40	
10365	22	
10375	41	
10390	45	
10403	45	
10106	39	
10120	49	
10133	27	
10143	34	
10156	20	
10168	48	
10199	29	
10210	43	Small
10223	41	
10235	41	
10250	36	
10262	49	
10275	38	
10284	33	Small
10296	26	
10308	47	
10316	34	
10328	34	
10340	40	
10353	40	
10361	33	
10375	49	
10388	27	
10398	49	
10401	56	
10416	37	
10104	33	
10115	27	
10127	46	
10141	44	
10151	26	
10165	48	Medium
10176	23	
10184	45	Medium
10195	49	
10207	28	
10220	37	
10230	34	
10246	22	
10259	29	
10271	34	
10282	38	
10292	41	
10305	42	
10314	28	
10325	38	
10336	23	Medium
10350	31	
10359	46	
10371	48	
10383	29	
10395	46	
10412	26	
10425	18	
10104	32	
10117	21	Small
10127	46	
10142	42	
10153	31	
10165	38	Small
10176	38	
10185	20	
10196	46	
10208	30	Small
10220	30	
10230	43	
10247	49	
10272	43	
10282	37	
10292	35	
10306	34	
10314	38	
10325	44	
10337	21	
10350	44	
10359	25	
10372	24	
10383	38	
10395	45	
10413	51	
10108	34	
10121	44	
10135	44	
10145	38	
10159	31	
10169	48	
10180	21	
10190	40	
10211	40	
10224	50	
10237	20	
10252	48	
10264	47	
10276	21	
10285	39	
10299	44	
10309	28	
10319	45	
10331	20	
10341	38	
10356	26	
10365	44	
10375	49	
10390	22	
10403	31	
10105	41	
10119	25	
10129	31	
10142	41	
10153	43	
10167	43	
10177	24	
10185	21	
10197	23	
10208	38	Small
10222	31	
10233	36	
10248	36	
10261	34	
10273	21	
10283	45	
10295	26	
10306	50	
10315	41	
10326	39	
10339	22	
10350	46	
10373	44	
10385	25	
10396	39	
10414	37	
10106	31	
10120	47	
10133	24	
10143	36	
10156	48	
10168	28	
10199	48	
10210	21	Small
10223	25	
10235	25	
10250	31	
10262	40	
10275	32	
10284	24	Small
10296	42	
10308	21	
10316	34	
10328	27	
10340	30	
10353	39	
10361	20	
10375	37	
10388	46	
10398	47	
10401	11	
10416	23	
10105	29	
10117	38	Medium
10128	32	
10142	43	
10153	31	
10166	29	
10177	31	
10185	30	
10196	50	
10208	40	Medium
10221	23	
10232	26	
10248	40	
10273	21	
10282	43	
10293	29	
10306	38	
10314	23	
10327	20	
10337	36	
10350	28	
10372	44	
10384	49	
10397	32	
10414	34	
10106	30	
10119	29	
10131	22	
10143	26	
10155	32	
10167	29	
10178	34	
10186	24	
10197	24	
10209	33	
10222	26	
10249	40	
10262	44	
10274	24	
10283	20	
10296	34	
10307	34	
10316	45	
10328	41	
10339	55	
10352	23	
10361	24	
10373	32	
10386	29	
10398	36	
10400	46	
10415	32	
10106	34	
10120	24	
10131	40	
10143	26	
10155	20	
10168	31	
10178	22	
10198	42	
10210	26	Small
10222	37	
10235	38	
10250	35	
10262	33	
10275	39	
10284	45	Medium
10296	24	
10308	35	
10316	23	
10328	37	
10340	55	
10352	49	
10361	26	
10375	33	
10386	37	
10398	22	
10401	85	
10416	22	
10105	31	
10119	38	
10129	45	
10143	31	
10154	36	
10167	46	
10177	32	
10185	39	
10197	50	
10208	46	Medium
10222	36	
10233	29	
10248	32	
10261	44	
10273	42	
10283	47	
10295	44	
10306	43	
10316	48	
10327	21	
10339	50	
10350	29	
10373	41	
10386	37	
10397	22	
10414	31	
10103	42	
10114	42	Medium
10126	45	Medium
10140	36	
10150	20	Small
10164	39	
10175	42	
10183	23	
10194	26	Small
10206	33	
10217	31	
10229	50	
10245	44	
10258	45	
10270	46	
10281	27	
10291	28	
10304	40	
10313	30	
10324	34	
10336	46	Large
10348	32	Small
10358	27	
10371	34	
10382	34	
10411	34	
10424	46	
10106	32	
10120	24	
10133	27	
10145	20	
10168	36	
10188	29	
10210	25	Small
10223	29	
10235	25	
10250	44	
10263	47	
10275	48	
10285	45	
10297	35	
10308	31	
10318	50	
10328	33	
10340	29	
10353	48	
10361	44	
10375	25	
10388	50	
10398	23	
10401	21	
10416	41	
10106	44	
10120	43	
10143	28	
10155	43	
10168	48	
10199	38	
10210	31	Small
10223	26	
10235	32	
10250	44	
10262	27	
10275	43	
10284	25	Small
10296	22	
10308	21	
10316	48	
10328	33	
10341	34	
10353	43	
10361	44	
10375	44	
10386	32	
10398	29	
10401	77	
10416	39	
10105	39	
10118	36	
10129	42	
10142	21	
10153	50	
10167	24	
10177	44	
10185	37	
10197	27	
10208	37	Medium
10222	38	
10232	48	
10248	30	
10261	25	
10273	40	
10283	22	
10295	34	
10306	32	
10315	31	
10327	43	
10337	31	
10350	31	
10373	34	
10386	45	
10397	48	
10414	28	
10105	22	
10117	45	Medium
10129	30	
10142	38	
10153	20	
10167	28	
10177	24	
10185	22	
10197	35	
10208	33	Small
10222	31	
10232	35	
10248	35	
10261	50	
10273	26	
10283	38	
10294	45	
10306	30	
10315	37	
10327	37	
10337	36	
10350	25	
10373	37	
10386	30	
10397	36	
10414	27	
10106	48	
10119	26	
10131	26	
10143	34	
10155	44	
10168	39	
10178	45	
10198	40	
10210	42	Small
10222	43	
10235	34	
10250	38	
10262	35	
10275	31	
10284	32	Small
10296	47	
10308	39	
10316	44	
10328	39	
10339	50	
10352	22	
10361	35	
10373	45	
10386	44	
10398	36	
10401	28	
10416	43	
10106	48	
10119	28	
10131	21	
10143	37	
10155	34	
10167	40	
10178	45	
10186	28	
10197	29	
10209	48	
10222	31	
10249	32	
10262	21	
10274	32	
10283	43	
10296	21	
10307	34	
10316	34	
10329	44	
10339	27	
10352	49	
10361	23	
10373	25	
10386	50	
10398	34	
10400	20	
10415	42	
10105	25	
10117	50	Small
10129	32	
10142	39	
10153	50	
10167	38	
10177	40	
10185	28	
10197	42	
10208	42	Small
10222	36	
10232	24	
10248	23	
10261	29	
10273	37	
10283	33	
10293	32	
10306	35	
10315	40	
10327	37	
10337	42	
10350	20	
10373	29	
10386	43	
10397	34	
10414	47	
